customer_id,join_date,country,age,recency,frequency,monetary
CUST_0001,2022-04-13,UK,49,44.0,7.0,4635.21
CUST_0002,2022-12-15,USA,49,999.0,0.0,0.0
CUST_0003,2022-09-28,USA,45,2.0,5.0,2512.29
CUST_0004,2022-04-17,USA,30,14.0,7.0,3864.8900000000003
CUST_0005,2022-03-13,USA,48,999.0,0.0,0.0
CUST_0006,2022-07-08,Australia,31,999.0,0.0,0.0
CUST_0007,2022-01-21,USA,37,999.0,0.0,0.0
CUST_0008,2022-04-13,France,35,71.0,1.0,239.61
CUST_0009,2022-05-02,USA,46,356.0,1.0,283.73
CUST_0010,2022-08-03,Canada,23,999.0,0.0,0.0
CUST_0011,2022-11-27,Germany,49,12.0,11.0,13709.66
CUST_0012,2022-03-29,UK,46,28.0,1.0,1047.96
CUST_0013,2022-04-10,UK,60,295.0,1.0,480.27
CUST_0014,2022-12-26,UK,19,3.0,16.0,14479.16
CUST_0015,2022-06-01,USA,40,228.0,1.0,1534.15
CUST_0016,2022-05-11,Australia,36,6.0,13.0,13568.98
CUST_0017,2022-05-30,France,48,5.0,2.0,2360.9
CUST_0018,2022-11-05,Australia,68,14.0,7.0,6871.610000000001
CUST_0019,2022-09-15,USA,22,7.0,5.0,6346.34
CUST_0020,2022-12-10,Germany,36,4.0,6.0,3842.79
CUST_0021,2022-10-21,Australia,51,15.0,21.0,15530.32
CUST_0022,2022-07-11,USA,27,35.0,1.0,292.83
CUST_0023,2022-10-04,USA,42,21.0,17.0,11143.94
CUST_0024,2022-06-10,Germany,19,74.0,1.0,347.32
CUST_0025,2022-11-10,UK,28,49.0,2.0,1392.5
CUST_0026,2022-01-22,France,67,5.0,3.0,911.1099999999999
CUST_0027,2022-09-10,USA,48,136.0,2.0,987.88
CUST_0028,2022-08-24,Germany,32,268.0,1.0,943.25
CUST_0029,2022-12-11,USA,26,98.0,2.0,1330.31
CUST_0030,2022-02-18,USA,40,80.0,4.0,3503.06
CUST_0031,2022-02-28,USA,36,48.0,7.0,10204.539999999999
CUST_0032,2022-06-19,France,26,124.0,7.0,6543.25
CUST_0033,2022-07-07,Canada,52,1.0,4.0,2205.94
CUST_0034,2022-09-28,UK,38,52.0,2.0,973.95
CUST_0035,2022-07-09,USA,26,999.0,0.0,0.0
CUST_0036,2022-06-24,France,45,73.0,1.0,1288.32
CUST_0037,2022-02-20,USA,63,999.0,0.0,0.0
CUST_0038,2022-12-30,France,68,999.0,0.0,0.0
CUST_0039,2022-02-24,UK,24,84.0,2.0,3255.1000000000004
CUST_0040,2022-09-01,USA,33,6.0,27.0,21421.85
CUST_0041,2022-11-16,UK,33,36.0,9.0,4309.94
CUST_0042,2022-05-11,USA,50,176.0,2.0,432.64
CUST_0043,2022-11-03,Germany,21,1.0,3.0,3146.08
CUST_0044,2022-05-15,UK,21,24.0,1.0,1203.63
CUST_0045,2022-01-21,USA,56,999.0,0.0,0.0
CUST_0046,2022-11-25,France,57,13.0,2.0,1211.1299999999999
CUST_0047,2022-06-16,USA,34,55.0,4.0,2210.17
CUST_0048,2022-10-01,UK,54,80.0,4.0,4118.65
CUST_0049,2022-03-30,Australia,56,2.0,25.0,15526.130000000001
CUST_0050,2022-11-12,Canada,69,2.0,22.0,18076.239999999998
CUST_0051,2022-01-14,USA,46,39.0,8.0,7421.45
CUST_0052,2022-08-30,Australia,69,2.0,6.0,5396.9
CUST_0053,2022-09-22,Canada,53,20.0,6.0,3325.3
CUST_0054,2022-12-12,USA,55,132.0,2.0,1015.54
CUST_0055,2022-02-22,USA,56,9.0,4.0,3917.38
CUST_0056,2022-12-06,Germany,67,999.0,0.0,0.0
CUST_0057,2022-04-02,Canada,54,16.0,6.0,4549.27
CUST_0058,2022-09-21,UK,69,13.0,8.0,2272.89
CUST_0059,2022-02-04,France,52,41.0,1.0,1534.15
CUST_0060,2022-07-25,Germany,24,47.0,11.0,8635.82
CUST_0061,2022-03-22,USA,44,25.0,13.0,11047.21
CUST_0062,2022-02-19,USA,45,18.0,4.0,2934.04
CUST_0063,2022-12-26,USA,39,84.0,3.0,2443.06
CUST_0064,2022-01-02,Germany,31,18.0,13.0,9354.529999999999
CUST_0065,2022-02-23,USA,24,999.0,0.0,0.0
CUST_0066,2022-04-16,UK,54,16.0,9.0,8753.04
CUST_0067,2022-09-17,Germany,39,999.0,0.0,0.0
CUST_0068,2022-11-06,France,22,23.0,8.0,4584.57
CUST_0069,2022-07-10,USA,19,62.0,3.0,651.08
CUST_0070,2022-08-06,France,44,7.0,14.0,11135.93
CUST_0071,2022-02-13,USA,38,7.0,11.0,6053.700000000001
CUST_0072,2022-06-11,France,55,999.0,0.0,0.0
CUST_0073,2022-07-21,USA,32,22.0,3.0,2898.31
CUST_0074,2022-09-27,USA,38,10.0,22.0,13829.51
CUST_0075,2022-12-17,Germany,27,42.0,5.0,3304.95
CUST_0076,2022-10-31,USA,40,18.0,10.0,7301.94
CUST_0077,2022-09-28,USA,56,23.0,3.0,1990.04
CUST_0078,2022-08-03,Germany,22,20.0,5.0,3096.8199999999997
CUST_0079,2022-09-09,Germany,18,14.0,4.0,2255.27
CUST_0080,2022-07-09,Canada,30,157.0,1.0,884.72
CUST_0081,2022-10-23,Canada,38,36.0,11.0,8985.53
CUST_0082,2022-08-01,UK,43,103.0,3.0,2306.58
CUST_0083,2022-07-27,USA,67,47.0,4.0,3871.15
CUST_0084,2022-08-25,USA,62,7.0,3.0,1808.47
CUST_0085,2022-12-04,USA,38,5.0,8.0,5806.82
CUST_0086,2022-02-22,Australia,35,22.0,8.0,5634.799999999999
CUST_0087,2022-10-07,UK,54,5.0,16.0,11159.26
CUST_0088,2022-08-05,UK,62,205.0,1.0,480.27
CUST_0089,2022-09-09,UK,49,27.0,11.0,8966.26
CUST_0090,2022-07-07,Australia,53,31.0,8.0,5977.04
CUST_0091,2022-02-10,USA,34,103.0,2.0,2763.95
CUST_0092,2022-06-06,UK,52,13.0,14.0,8326.86
CUST_0093,2022-01-15,UK,66,999.0,0.0,0.0
CUST_0094,2022-10-28,Canada,28,78.0,1.0,772.8499999999999
CUST_0095,2022-03-06,USA,38,13.0,12.0,11053.119999999999
CUST_0096,2022-12-11,France,69,5.0,3.0,1354.3600000000001
CUST_0097,2022-11-23,Australia,43,8.0,9.0,10196.35
CUST_0098,2022-01-09,UK,21,2.0,10.0,4798.2
CUST_0099,2022-12-10,Canada,51,999.0,0.0,0.0
CUST_0100,2022-05-09,Australia,69,33.0,7.0,4590.09
CUST_0101,2022-05-16,Germany,65,34.0,4.0,1308.05
CUST_0102,2022-03-04,USA,35,40.0,3.0,1664.77
CUST_0103,2022-05-19,UK,57,170.0,2.0,870.67
CUST_0104,2022-03-22,Canada,52,88.0,10.0,6972.28
CUST_0105,2022-06-12,UK,58,999.0,0.0,0.0
CUST_0106,2022-10-16,Germany,46,48.0,4.0,4054.46
CUST_0107,2022-09-18,Australia,69,31.0,6.0,5550.39
CUST_0108,2022-08-19,Australia,46,8.0,11.0,5460.889999999999
CUST_0109,2022-02-10,UK,55,8.0,6.0,4820.51
CUST_0110,2022-01-28,USA,59,999.0,0.0,0.0
CUST_0111,2022-05-15,Australia,38,62.0,2.0,511.44000000000005
CUST_0112,2022-07-20,France,59,349.0,1.0,2006.05
CUST_0113,2022-11-24,USA,30,14.0,6.0,7932.55
CUST_0114,2022-09-25,Australia,66,999.0,0.0,0.0
CUST_0115,2022-02-02,France,58,49.0,2.0,825.48
CUST_0116,2022-02-17,UK,34,3.0,27.0,17541.95
CUST_0117,2022-03-03,UK,26,999.0,0.0,0.0
CUST_0118,2022-08-04,USA,58,13.0,40.0,27098.46
CUST_0119,2022-10-20,USA,18,18.0,7.0,5973.21
CUST_0120,2022-04-09,USA,19,73.0,5.0,4661.02
CUST_0121,2022-06-21,France,65,999.0,0.0,0.0
CUST_0122,2022-12-26,USA,46,999.0,0.0,0.0
CUST_0123,2022-08-02,USA,50,57.0,6.0,5553.63
CUST_0124,2022-02-04,USA,27,15.0,5.0,3126.8
CUST_0125,2022-08-15,UK,67,47.0,6.0,4397.81
CUST_0126,2022-04-11,Australia,57,143.0,1.0,1469.2
CUST_0127,2022-05-11,USA,38,28.0,8.0,5749.45
CUST_0128,2022-09-14,USA,45,1.0,5.0,4909.05
CUST_0129,2022-01-05,Germany,28,70.0,5.0,5436.98
CUST_0130,2022-08-06,UK,51,9.0,9.0,8058.68
CUST_0131,2022-09-12,USA,25,20.0,7.0,4005.55
CUST_0132,2022-12-25,UK,39,17.0,4.0,3416.8
CUST_0133,2022-10-10,USA,25,999.0,0.0,0.0
CUST_0134,2022-07-26,USA,66,7.0,4.0,2807.55
CUST_0135,2022-01-15,UK,32,999.0,0.0,0.0
CUST_0136,2022-12-12,UK,34,47.0,4.0,3796.71
CUST_0137,2022-02-11,Australia,40,23.0,1.0,428.45
CUST_0138,2022-06-28,USA,41,999.0,0.0,0.0
CUST_0139,2022-03-04,UK,62,245.0,2.0,2333.62
CUST_0140,2022-12-18,Canada,36,179.0,1.0,1708.95
CUST_0141,2022-08-19,USA,22,15.0,10.0,10919.96
CUST_0142,2022-08-29,Canada,49,36.0,17.0,16428.18
CUST_0143,2022-02-21,USA,61,999.0,0.0,0.0
CUST_0144,2022-04-06,Australia,18,7.0,15.0,10558.06
CUST_0145,2022-08-10,USA,40,4.0,6.0,2197.95
CUST_0146,2022-08-19,UK,54,306.0,1.0,1397.28
CUST_0147,2022-08-25,USA,25,999.0,0.0,0.0
CUST_0148,2022-05-23,Australia,30,131.0,6.0,6953.18
CUST_0149,2022-06-20,UK,25,8.0,14.0,9249.84
CUST_0150,2022-01-29,UK,40,102.0,1.0,70.27
CUST_0151,2022-02-05,USA,60,999.0,0.0,0.0
CUST_0152,2022-01-13,Germany,18,999.0,0.0,0.0
CUST_0153,2022-06-09,USA,62,26.0,5.0,3279.4500000000003
CUST_0154,2022-11-23,France,68,36.0,4.0,1920.78
CUST_0155,2022-07-06,USA,41,999.0,0.0,0.0
CUST_0156,2022-08-31,USA,52,6.0,3.0,1748.77
CUST_0157,2022-03-27,USA,41,14.0,14.0,11096.73
CUST_0158,2022-10-11,UK,34,1.0,15.0,13206.7
CUST_0159,2022-03-07,UK,22,13.0,1.0,457.5
CUST_0160,2022-06-19,USA,37,9.0,12.0,10605.75
CUST_0161,2022-02-14,Germany,38,119.0,1.0,166.24
CUST_0162,2022-03-03,UK,57,80.0,3.0,2612.59
CUST_0163,2022-05-14,UK,48,330.0,1.0,913.59
CUST_0164,2022-10-11,UK,63,40.0,4.0,4028.17
CUST_0165,2022-01-28,UK,53,11.0,16.0,9434.880000000001
CUST_0166,2022-04-18,UK,28,71.0,6.0,4260.03
CUST_0167,2022-02-13,USA,69,999.0,0.0,0.0
CUST_0168,2022-12-06,USA,32,17.0,4.0,3379.38
CUST_0169,2022-10-13,France,36,264.0,1.0,1377.4499999999998
CUST_0170,2022-11-27,Australia,24,18.0,13.0,8844.19
CUST_0171,2022-05-08,USA,68,242.0,1.0,498.72
CUST_0172,2022-12-14,USA,45,49.0,4.0,1839.88
CUST_0173,2022-08-19,Canada,68,15.0,3.0,1197.45
CUST_0174,2022-07-09,UK,60,24.0,4.0,2571.83
CUST_0175,2022-08-13,USA,22,999.0,0.0,0.0
CUST_0176,2022-10-10,USA,22,16.0,8.0,6810.16
CUST_0177,2022-05-01,Germany,47,35.0,2.0,2543.19
CUST_0178,2022-04-26,Canada,49,5.0,9.0,5079.58
CUST_0179,2022-08-21,USA,25,8.0,13.0,9917.51
CUST_0180,2022-09-16,USA,27,1.0,8.0,5001.47
CUST_0181,2022-12-25,USA,55,9.0,3.0,3366.83
CUST_0182,2022-07-17,Canada,64,65.0,8.0,7702.77
CUST_0183,2022-05-17,USA,49,181.0,2.0,1042.98
CUST_0184,2022-11-14,USA,65,72.0,8.0,4638.7300000000005
CUST_0185,2022-06-14,Germany,45,68.0,3.0,1077.33
CUST_0186,2022-08-13,USA,34,37.0,4.0,2076.63
CUST_0187,2022-11-03,Canada,48,14.0,2.0,873.6
CUST_0188,2022-08-22,USA,25,999.0,0.0,0.0
CUST_0189,2022-06-21,USA,57,39.0,4.0,2750.19
CUST_0190,2022-06-01,USA,42,999.0,0.0,0.0
CUST_0191,2022-11-11,Germany,26,16.0,6.0,5680.59
CUST_0192,2022-06-09,France,19,47.0,1.0,712.6
CUST_0193,2022-04-06,France,32,999.0,0.0,0.0
CUST_0194,2022-08-21,USA,67,352.0,1.0,228.75
CUST_0195,2022-06-29,Canada,20,999.0,0.0,0.0
CUST_0196,2022-04-23,USA,66,279.0,2.0,1191.61
CUST_0197,2022-11-14,USA,53,9.0,8.0,6749.46
CUST_0198,2022-02-21,France,21,999.0,0.0,0.0
CUST_0199,2022-09-25,USA,31,19.0,10.0,7697.52
CUST_0200,2022-10-22,USA,58,999.0,0.0,0.0
CUST_0201,2022-04-23,USA,58,999.0,0.0,0.0
CUST_0202,2022-04-11,USA,42,26.0,6.0,2632.45
CUST_0203,2022-04-23,USA,67,51.0,2.0,1581.31
CUST_0204,2022-03-22,UK,27,999.0,0.0,0.0
CUST_0205,2022-07-06,UK,38,37.0,6.0,5342.57
CUST_0206,2022-04-23,France,53,105.0,2.0,849.0699999999999
CUST_0207,2022-01-02,France,29,5.0,19.0,11828.26
CUST_0208,2022-05-10,USA,44,166.0,3.0,3511.13
CUST_0209,2022-08-08,USA,57,36.0,5.0,3622.48
CUST_0210,2022-02-23,USA,19,40.0,9.0,7571.84
CUST_0211,2022-12-09,UK,30,13.0,3.0,804.65
CUST_0212,2022-08-12,USA,49,44.0,10.0,8089.8099999999995
CUST_0213,2022-08-13,Canada,48,115.0,2.0,1702.1000000000001
CUST_0214,2022-05-06,UK,33,34.0,13.0,10104.65
CUST_0215,2022-05-10,UK,49,999.0,0.0,0.0
CUST_0216,2022-02-22,UK,49,179.0,3.0,2783.15
CUST_0217,2022-06-21,USA,51,42.0,3.0,2209.2799999999997
CUST_0218,2022-08-06,Australia,28,323.0,1.0,1367.16
CUST_0219,2022-06-09,Germany,27,15.0,5.0,1876.85
CUST_0220,2022-07-17,USA,32,9.0,7.0,6022.15
CUST_0221,2022-09-04,France,34,999.0,0.0,0.0
CUST_0222,2022-11-20,UK,57,12.0,2.0,233.65
CUST_0223,2022-07-22,France,35,63.0,5.0,4508.76
CUST_0224,2022-07-03,Germany,26,96.0,5.0,5488.7699999999995
CUST_0225,2022-05-03,UK,42,7.0,20.0,14663.96
CUST_0226,2022-09-12,USA,57,7.0,13.0,9090.52
CUST_0227,2022-10-21,USA,31,43.0,14.0,12137.43
CUST_0228,2022-10-07,UK,42,15.0,7.0,7322.91
CUST_0229,2022-11-21,Canada,67,16.0,3.0,2381.0
CUST_0230,2022-04-08,USA,39,999.0,0.0,0.0
CUST_0231,2022-07-17,USA,69,13.0,10.0,6748.18
CUST_0232,2022-08-28,France,47,62.0,7.0,3428.78
CUST_0233,2022-05-24,Australia,37,999.0,0.0,0.0
CUST_0234,2022-04-07,UK,38,22.0,2.0,2096.6
CUST_0235,2022-07-20,USA,61,4.0,13.0,8821.0
CUST_0236,2022-05-04,USA,49,24.0,4.0,2379.1
CUST_0237,2022-07-06,USA,68,8.0,5.0,3283.94
CUST_0238,2022-11-22,Australia,63,63.0,3.0,1506.1399999999999
CUST_0239,2022-12-15,USA,66,193.0,1.0,356.3
CUST_0240,2022-09-16,UK,38,132.0,1.0,233.54
CUST_0241,2022-05-28,USA,52,23.0,3.0,1365.22
CUST_0242,2022-09-09,UK,49,999.0,0.0,0.0
CUST_0243,2022-12-12,Canada,47,39.0,7.0,7631.9
CUST_0244,2022-05-27,France,56,69.0,2.0,357.46000000000004
CUST_0245,2022-05-28,USA,66,6.0,11.0,8205.09
CUST_0246,2022-12-18,USA,29,17.0,9.0,8950.06
CUST_0247,2022-07-18,USA,58,51.0,1.0,640.36
CUST_0248,2022-11-04,Australia,64,43.0,3.0,1954.74
CUST_0249,2022-05-08,France,35,53.0,4.0,2084.47
CUST_0250,2022-02-08,UK,38,11.0,17.0,15467.66
CUST_0251,2022-12-04,Canada,30,73.0,1.0,320.18
CUST_0252,2022-12-26,Canada,38,128.0,5.0,3037.79
CUST_0253,2022-05-09,USA,25,143.0,3.0,1187.25
CUST_0254,2022-09-24,Australia,63,15.0,2.0,1675.2599999999998
CUST_0255,2022-05-31,UK,57,328.0,1.0,580.59
CUST_0256,2022-10-25,USA,63,16.0,7.0,3618.08
CUST_0257,2022-04-09,UK,24,38.0,5.0,2487.96
CUST_0258,2022-09-20,USA,40,999.0,0.0,0.0
CUST_0259,2022-09-09,USA,61,48.0,6.0,4626.570000000001
CUST_0260,2022-05-24,Germany,49,36.0,3.0,2876.35
CUST_0261,2022-12-12,USA,28,52.0,3.0,1696.67
CUST_0262,2022-04-22,Canada,39,340.0,1.0,793.2
CUST_0263,2022-03-01,USA,39,8.0,17.0,10565.15
CUST_0264,2022-01-02,USA,60,68.0,2.0,202.83
CUST_0265,2022-10-31,USA,42,999.0,0.0,0.0
CUST_0266,2022-09-11,USA,39,294.0,1.0,70.27
CUST_0267,2022-05-20,Germany,45,999.0,0.0,0.0
CUST_0268,2022-02-06,USA,46,15.0,4.0,1478.33
CUST_0269,2022-06-09,UK,30,136.0,2.0,1209.24
CUST_0270,2022-01-09,UK,35,14.0,6.0,2950.2599999999998
CUST_0271,2022-08-21,Canada,19,999.0,0.0,0.0
CUST_0272,2022-04-09,Australia,46,10.0,3.0,2204.73
CUST_0273,2022-05-27,Germany,38,71.0,3.0,1735.9500000000003
CUST_0274,2022-10-31,USA,32,999.0,0.0,0.0
CUST_0275,2022-07-27,USA,69,999.0,0.0,0.0
CUST_0276,2022-05-11,USA,44,37.0,3.0,748.89
CUST_0277,2022-06-01,UK,67,116.0,5.0,3843.54
CUST_0278,2022-02-23,USA,48,236.0,1.0,339.75
CUST_0279,2022-04-30,UK,32,18.0,1.0,2295.75
CUST_0280,2022-06-10,UK,68,21.0,6.0,2364.88
CUST_0281,2022-04-26,USA,40,999.0,0.0,0.0
CUST_0282,2022-03-16,Germany,41,34.0,4.0,2321.09
CUST_0283,2022-04-23,USA,61,2.0,17.0,11937.94
CUST_0284,2022-04-14,USA,30,2.0,5.0,3288.12
CUST_0285,2022-12-06,Germany,39,6.0,5.0,2614.96
CUST_0286,2022-09-11,UK,60,999.0,0.0,0.0
CUST_0287,2022-08-15,Canada,54,12.0,9.0,5777.79
CUST_0288,2022-04-22,UK,50,16.0,9.0,6210.110000000001
CUST_0289,2022-04-09,USA,20,165.0,4.0,3013.38
CUST_0290,2022-06-02,France,36,32.0,15.0,16685.49
CUST_0291,2022-12-15,Germany,40,999.0,0.0,0.0
CUST_0292,2022-12-04,Canada,46,999.0,0.0,0.0
CUST_0293,2022-07-13,USA,47,82.0,4.0,5020.08
CUST_0294,2022-11-06,UK,56,18.0,5.0,4554.74
CUST_0295,2022-06-12,USA,61,999.0,0.0,0.0
CUST_0296,2022-07-27,USA,64,1.0,1.0,1171.32
CUST_0297,2022-06-18,Australia,42,999.0,0.0,0.0
CUST_0298,2022-06-10,USA,54,999.0,0.0,0.0
CUST_0299,2022-03-09,Australia,64,5.0,7.0,6208.02
CUST_0300,2022-10-16,UK,25,15.0,5.0,2777.21
CUST_0301,2022-10-04,USA,59,48.0,4.0,4808.14
CUST_0302,2022-10-31,UK,33,116.0,2.0,901.14
CUST_0303,2022-05-15,France,25,999.0,0.0,0.0
CUST_0304,2022-07-14,Germany,18,56.0,1.0,1041.96
CUST_0305,2022-05-08,France,61,95.0,6.0,4346.1
CUST_0306,2022-02-02,Canada,22,2.0,23.0,19488.97
CUST_0307,2022-06-25,Canada,20,23.0,9.0,8509.6
CUST_0308,2022-01-22,France,18,999.0,0.0,0.0
CUST_0309,2022-08-26,USA,21,47.0,9.0,5723.49
CUST_0310,2022-06-07,UK,57,20.0,7.0,6184.96
CUST_0311,2022-02-07,USA,52,3.0,6.0,5103.61
CUST_0312,2022-08-18,Australia,49,198.0,3.0,1202.42
CUST_0313,2022-12-31,Australia,59,64.0,3.0,2267.85
CUST_0314,2022-02-20,USA,51,358.0,1.0,351.35
CUST_0315,2022-09-21,Germany,60,999.0,0.0,0.0
CUST_0316,2022-10-10,Australia,42,37.0,4.0,3682.49
CUST_0317,2022-01-27,USA,27,88.0,1.0,67.41
CUST_0318,2022-08-14,UK,38,4.0,5.0,3827.16
CUST_0319,2022-10-04,Australia,63,123.0,8.0,5308.4
CUST_0320,2022-10-13,USA,56,4.0,6.0,2424.59
CUST_0321,2022-04-07,Canada,44,999.0,0.0,0.0
CUST_0322,2022-10-11,USA,44,5.0,15.0,14308.48
CUST_0323,2022-11-13,Australia,19,14.0,19.0,15690.87
CUST_0324,2022-10-31,Australia,58,3.0,4.0,1779.2900000000002
CUST_0325,2022-05-27,Australia,65,9.0,21.0,22556.45
CUST_0326,2022-01-04,UK,30,33.0,2.0,1275.67
CUST_0327,2022-02-04,France,26,7.0,13.0,7816.25
CUST_0328,2022-07-11,France,69,999.0,0.0,0.0
CUST_0329,2022-02-18,USA,53,147.0,3.0,1767.13
CUST_0330,2022-01-17,France,39,103.0,2.0,1122.95
CUST_0331,2022-06-21,USA,59,134.0,1.0,220.67
CUST_0332,2022-08-08,UK,43,143.0,1.0,116.77
CUST_0333,2022-06-07,USA,29,24.0,8.0,3863.0899999999997
CUST_0334,2022-02-15,USA,34,10.0,10.0,5013.27
CUST_0335,2022-01-06,USA,31,8.0,4.0,1466.15
CUST_0336,2022-04-09,Canada,31,202.0,2.0,1717.3400000000001
CUST_0337,2022-08-21,USA,51,20.0,12.0,5409.13
CUST_0338,2022-02-06,Germany,37,15.0,4.0,2241.7
CUST_0339,2022-10-07,USA,28,171.0,3.0,2114.2999999999997
CUST_0340,2022-12-15,USA,33,16.0,6.0,5667.92
CUST_0341,2022-10-29,UK,68,71.0,2.0,2158.58
CUST_0342,2022-06-30,Germany,48,5.0,6.0,6339.04
CUST_0343,2022-04-05,USA,23,1.0,15.0,11603.18
CUST_0344,2022-04-09,Canada,36,27.0,2.0,1392.2800000000002
CUST_0345,2022-07-07,France,54,7.0,6.0,5790.01
CUST_0346,2022-04-26,Canada,21,33.0,8.0,6394.42
CUST_0347,2022-07-10,USA,64,35.0,1.0,322.08
CUST_0348,2022-09-10,USA,21,999.0,0.0,0.0
CUST_0349,2022-06-10,France,37,999.0,0.0,0.0
CUST_0350,2022-09-13,USA,27,999.0,0.0,0.0
CUST_0351,2022-11-19,France,41,20.0,5.0,3192.49
CUST_0352,2022-05-08,UK,52,55.0,4.0,4004.6400000000003
CUST_0353,2022-01-18,Australia,43,258.0,1.0,1227.32
CUST_0354,2022-10-08,Germany,54,49.0,12.0,7404.389999999999
CUST_0355,2022-08-11,Australia,55,7.0,10.0,5125.07
CUST_0356,2022-02-23,USA,38,24.0,4.0,5046.4
CUST_0357,2022-02-27,Germany,57,54.0,4.0,3248.3900000000003
CUST_0358,2022-11-19,UK,56,50.0,7.0,4708.8
CUST_0359,2022-12-26,UK,38,999.0,0.0,0.0
CUST_0360,2022-06-23,Canada,27,269.0,1.0,319.48
CUST_0361,2022-10-07,France,55,7.0,8.0,4131.35
CUST_0362,2022-04-24,Australia,63,39.0,4.0,3650.84
CUST_0363,2022-10-15,Germany,21,44.0,3.0,2267.79
CUST_0364,2022-12-08,UK,62,102.0,3.0,694.96
CUST_0365,2022-05-31,UK,37,999.0,0.0,0.0
CUST_0366,2022-05-07,Germany,34,237.0,1.0,992.56
CUST_0367,2022-06-04,USA,24,28.0,3.0,1054.61
CUST_0368,2022-09-30,USA,21,281.0,1.0,1469.2
CUST_0369,2022-04-14,USA,46,257.0,1.0,1778.7
CUST_0370,2022-10-26,USA,31,11.0,10.0,8614.08
CUST_0371,2022-09-03,USA,20,12.0,21.0,14723.84
CUST_0372,2022-06-25,USA,41,6.0,5.0,2662.26
CUST_0373,2022-02-08,USA,54,27.0,6.0,2442.28
CUST_0374,2022-06-19,USA,33,24.0,3.0,3305.47
CUST_0375,2022-09-04,Australia,69,2.0,14.0,8584.93
CUST_0376,2022-01-26,UK,21,999.0,0.0,0.0
CUST_0377,2022-12-21,USA,41,14.0,20.0,10941.95
CUST_0378,2022-11-02,Canada,51,6.0,29.0,19527.87
CUST_0379,2022-01-13,USA,47,52.0,4.0,1532.28
CUST_0380,2022-11-12,Australia,35,5.0,18.0,14465.61
CUST_0381,2022-11-09,Germany,36,5.0,2.0,2386.14
CUST_0382,2022-02-05,USA,48,15.0,2.0,2205.75
CUST_0383,2022-06-22,UK,36,51.0,1.0,396.6
CUST_0384,2022-01-20,France,66,17.0,4.0,1791.74
CUST_0385,2022-11-17,Australia,63,999.0,0.0,0.0
CUST_0386,2022-09-21,UK,36,34.0,4.0,3643.0099999999998
CUST_0387,2022-05-22,Canada,39,6.0,27.0,19864.66
CUST_0388,2022-05-23,USA,41,17.0,2.0,2374.94
CUST_0389,2022-04-02,Australia,62,50.0,8.0,4780.76
CUST_0390,2022-12-20,USA,29,21.0,11.0,10814.130000000001
CUST_0391,2022-11-18,Australia,47,13.0,17.0,13653.43
CUST_0392,2022-10-15,Canada,55,4.0,20.0,11485.59
CUST_0393,2022-08-03,Canada,48,43.0,7.0,3174.35
CUST_0394,2022-12-08,UK,53,11.0,28.0,19415.13
CUST_0395,2022-02-20,USA,36,39.0,6.0,3156.2300000000005
CUST_0396,2022-06-02,USA,65,32.0,2.0,1572.66
CUST_0397,2022-07-05,USA,62,66.0,3.0,2849.66
CUST_0398,2022-03-04,USA,53,31.0,6.0,4265.85
CUST_0399,2022-07-09,Germany,47,34.0,2.0,1963.8
CUST_0400,2022-05-05,USA,66,14.0,6.0,3189.65
CUST_0401,2022-05-30,USA,50,19.0,7.0,5672.28
CUST_0402,2022-11-10,Australia,35,7.0,2.0,2237.02
CUST_0403,2022-02-27,France,69,10.0,5.0,4172.27
CUST_0404,2022-12-08,Australia,66,2.0,10.0,6191.13
CUST_0405,2022-11-01,Australia,45,75.0,3.0,1348.98
CUST_0406,2022-06-29,USA,64,999.0,0.0,0.0
CUST_0407,2022-06-19,USA,28,999.0,0.0,0.0
CUST_0408,2022-11-22,Germany,62,25.0,2.0,667.76
CUST_0409,2022-09-28,Canada,50,11.0,11.0,8809.57
CUST_0410,2022-02-23,USA,34,173.0,2.0,462.62
CUST_0411,2022-04-11,France,23,18.0,3.0,4275.450000000001
CUST_0412,2022-09-21,USA,21,131.0,1.0,580.59
CUST_0413,2022-02-22,USA,37,3.0,1.0,2470.7
CUST_0414,2022-03-01,UK,65,14.0,11.0,8426.21
CUST_0415,2022-04-18,UK,64,19.0,5.0,6441.82
CUST_0416,2022-01-05,UK,44,999.0,0.0,0.0
CUST_0417,2022-04-13,USA,32,64.0,3.0,2208.34
CUST_0418,2022-07-15,France,23,288.0,1.0,1697.4
CUST_0419,2022-09-19,USA,64,6.0,7.0,4621.75
CUST_0420,2022-12-31,USA,31,33.0,4.0,3471.1600000000003
CUST_0421,2022-12-16,France,28,75.0,2.0,335.96
CUST_0422,2022-02-16,Australia,56,146.0,2.0,1022.05
CUST_0423,2022-12-21,France,26,24.0,1.0,367.3
CUST_0424,2022-11-07,France,43,8.0,10.0,6577.120000000001
CUST_0425,2022-11-04,Canada,33,27.0,24.0,20618.670000000002
CUST_0426,2022-05-24,UK,22,999.0,0.0,0.0
CUST_0427,2022-09-26,USA,69,84.0,7.0,4161.400000000001
CUST_0428,2022-05-04,UK,27,9.0,5.0,5405.64
CUST_0429,2022-04-16,USA,67,15.0,6.0,3906.98
CUST_0430,2022-06-07,USA,20,38.0,7.0,5507.05
CUST_0431,2022-05-27,Germany,30,48.0,10.0,9029.039999999999
CUST_0432,2022-05-25,UK,60,5.0,22.0,17926.53
CUST_0433,2022-04-30,USA,66,3.0,6.0,3198.36
CUST_0434,2022-11-15,USA,47,78.0,1.0,1482.42
CUST_0435,2022-10-02,Canada,62,24.0,5.0,3100.8500000000004
CUST_0436,2022-04-02,USA,23,81.0,2.0,2920.5699999999997
CUST_0437,2022-02-27,France,34,52.0,3.0,2680.37
CUST_0438,2022-12-12,UK,62,1.0,3.0,3973.05
CUST_0439,2022-08-17,UK,68,32.0,6.0,4448.88
CUST_0440,2022-04-27,UK,36,44.0,4.0,1543.73
CUST_0441,2022-11-14,France,59,16.0,3.0,3310.87
CUST_0442,2022-10-06,USA,52,2.0,10.0,7333.06
CUST_0443,2022-05-07,Canada,63,25.0,2.0,746.44
CUST_0444,2022-05-09,UK,43,15.0,2.0,2626.45
CUST_0445,2022-02-27,USA,68,145.0,2.0,1206.61
CUST_0446,2022-05-02,France,22,3.0,2.0,878.12
CUST_0447,2022-01-01,Germany,46,999.0,0.0,0.0
CUST_0448,2022-08-27,Canada,54,57.0,2.0,831.05
CUST_0449,2022-10-17,France,37,2.0,12.0,9466.03
CUST_0450,2022-04-06,France,66,309.0,1.0,1522.65
CUST_0451,2022-05-06,Germany,38,32.0,11.0,8809.69
CUST_0452,2022-04-28,France,27,4.0,6.0,2967.64
CUST_0453,2022-02-17,Canada,22,135.0,3.0,2807.81
CUST_0454,2022-03-30,Canada,53,77.0,3.0,1537.33
CUST_0455,2022-08-25,Canada,23,17.0,5.0,4942.88
CUST_0456,2022-09-29,Germany,43,7.0,8.0,4935.99
CUST_0457,2022-07-08,USA,21,288.0,1.0,1047.96
CUST_0458,2022-07-11,France,56,999.0,0.0,0.0
CUST_0459,2022-03-10,France,56,7.0,9.0,7686.139999999999
CUST_0460,2022-10-05,USA,67,12.0,16.0,10653.25
CUST_0461,2022-12-15,France,52,12.0,10.0,7601.18
CUST_0462,2022-09-04,USA,18,218.0,1.0,1610.4
CUST_0463,2022-03-17,USA,41,1.0,3.0,2340.86
CUST_0464,2022-06-03,Germany,53,41.0,2.0,959.1500000000001
CUST_0465,2022-05-24,USA,23,25.0,4.0,4207.93
CUST_0466,2022-03-27,France,58,71.0,1.0,135.42000000000002
CUST_0467,2022-07-04,France,63,23.0,5.0,4254.19
CUST_0468,2022-10-12,UK,61,154.0,3.0,2514.67
CUST_0469,2022-08-08,USA,48,18.0,1.0,1171.32
CUST_0470,2022-03-10,USA,37,3.0,15.0,10632.36
CUST_0471,2022-02-16,Canada,41,37.0,3.0,3441.1600000000003
CUST_0472,2022-04-04,Australia,42,999.0,0.0,0.0
CUST_0473,2022-08-26,Canada,53,999.0,0.0,0.0
CUST_0474,2022-07-23,USA,38,15.0,20.0,13995.84
CUST_0475,2022-08-06,Canada,47,11.0,3.0,2293.02
CUST_0476,2022-12-07,UK,41,95.0,3.0,1359.56
CUST_0477,2022-02-08,Germany,61,68.0,9.0,6604.8
CUST_0478,2022-04-10,USA,59,23.0,11.0,11641.82
CUST_0479,2022-10-16,Germany,47,35.0,4.0,2629.72
CUST_0480,2022-09-11,UK,39,4.0,4.0,2927.45
CUST_0481,2022-08-10,Australia,45,5.0,5.0,6033.65
CUST_0482,2022-12-23,USA,24,52.0,5.0,2701.26
CUST_0483,2022-01-23,Canada,52,999.0,0.0,0.0
CUST_0484,2022-09-07,Australia,45,55.0,9.0,9591.55
CUST_0485,2022-01-10,USA,31,34.0,2.0,1001.2
CUST_0486,2022-09-03,Australia,27,8.0,6.0,6036.380000000001
CUST_0487,2022-11-21,Canada,33,57.0,3.0,2914.0299999999997
CUST_0488,2022-04-10,USA,33,999.0,0.0,0.0
CUST_0489,2022-10-17,USA,48,999.0,0.0,0.0
CUST_0490,2022-06-29,Germany,59,11.0,9.0,4203.94
CUST_0491,2022-08-11,USA,42,999.0,0.0,0.0
CUST_0492,2022-09-07,UK,30,238.0,3.0,1858.52
CUST_0493,2022-05-27,USA,23,39.0,6.0,2598.15
CUST_0494,2022-04-06,Canada,61,96.0,1.0,1181.12
CUST_0495,2022-09-14,USA,26,9.0,18.0,11498.890000000001
CUST_0496,2022-11-21,France,62,46.0,1.0,1162.3
CUST_0497,2022-01-04,Australia,53,221.0,1.0,1273.0500000000002
CUST_0498,2022-01-16,Australia,60,6.0,1.0,1708.95
CUST_0499,2022-10-07,Germany,37,18.0,2.0,351.15
CUST_0500,2022-12-02,USA,35,999.0,0.0,0.0
CUST_0501,2022-09-04,Germany,60,32.0,10.0,8108.19
CUST_0502,2022-09-15,USA,38,16.0,19.0,11073.87
CUST_0503,2022-06-09,USA,21,301.0,1.0,494.14
CUST_0504,2022-12-06,USA,67,3.0,4.0,1629.48
CUST_0505,2022-06-01,UK,50,21.0,5.0,5097.18
CUST_0506,2022-06-27,Germany,44,4.0,9.0,5749.08
CUST_0507,2022-06-12,Canada,24,25.0,7.0,6430.41
CUST_0508,2022-02-02,UK,23,62.0,1.0,292.83
CUST_0509,2022-06-28,USA,32,285.0,1.0,918.3
CUST_0510,2022-04-11,Australia,35,16.0,6.0,3451.86
CUST_0511,2022-09-25,UK,49,55.0,3.0,3266.45
CUST_0512,2022-11-19,UK,28,999.0,0.0,0.0
CUST_0513,2022-03-06,USA,37,999.0,0.0,0.0
CUST_0514,2022-06-17,Germany,41,7.0,9.0,7875.15
CUST_0515,2022-11-26,Canada,32,16.0,6.0,4139.01
CUST_0516,2022-02-12,USA,65,7.0,20.0,12568.35
CUST_0517,2022-02-13,USA,24,11.0,10.0,8425.26
CUST_0518,2022-10-12,Canada,38,112.0,1.0,2470.7
CUST_0519,2022-01-12,Canada,59,140.0,5.0,5898.860000000001
CUST_0520,2022-04-05,USA,43,115.0,4.0,6477.049999999999
CUST_0521,2022-10-29,Australia,61,999.0,0.0,0.0
CUST_0522,2022-09-10,USA,31,13.0,5.0,5073.139999999999
CUST_0523,2022-08-30,UK,54,158.0,5.0,2906.3100000000004
CUST_0524,2022-02-04,Australia,38,6.0,3.0,1746.02
CUST_0525,2022-08-03,UK,35,20.0,10.0,8958.26
CUST_0526,2022-12-03,Canada,22,18.0,2.0,285.29
CUST_0527,2022-03-31,USA,20,1.0,17.0,13577.55
CUST_0528,2022-09-21,USA,40,999.0,0.0,0.0
CUST_0529,2022-04-03,Australia,43,999.0,0.0,0.0
CUST_0530,2022-03-31,UK,54,27.0,9.0,7328.5
CUST_0531,2022-04-25,France,41,67.0,4.0,4522.42
CUST_0532,2022-04-15,USA,66,39.0,7.0,4868.4
CUST_0533,2022-07-15,USA,36,39.0,10.0,8471.06
CUST_0534,2022-11-10,USA,68,999.0,0.0,0.0
CUST_0535,2022-04-24,Canada,42,10.0,3.0,1805.3899999999999
CUST_0536,2022-03-16,USA,38,19.0,4.0,2269.69
CUST_0537,2022-08-05,France,29,15.0,1.0,78.87
CUST_0538,2022-10-04,UK,58,5.0,16.0,10511.2
CUST_0539,2022-09-06,Australia,50,50.0,6.0,2912.77
CUST_0540,2022-06-13,USA,67,39.0,8.0,6635.75
CUST_0541,2022-12-23,France,21,58.0,5.0,4248.17
CUST_0542,2022-07-11,Germany,59,37.0,5.0,3558.94
CUST_0543,2022-08-15,Germany,24,8.0,10.0,6848.31
CUST_0544,2022-06-26,France,39,52.0,5.0,2316.1400000000003
CUST_0545,2022-04-09,Germany,50,13.0,4.0,1671.1899999999998
CUST_0546,2022-02-05,Canada,34,2.0,11.0,6109.59
CUST_0547,2022-04-06,USA,41,51.0,1.0,988.28
CUST_0548,2022-06-01,USA,51,5.0,12.0,10346.9
CUST_0549,2022-05-31,Australia,45,189.0,2.0,1626.48
CUST_0550,2022-07-09,Canada,60,7.0,2.0,1111.42
CUST_0551,2022-08-12,Germany,58,139.0,2.0,1033.57
CUST_0552,2022-02-06,UK,56,8.0,21.0,17956.85
CUST_0553,2022-09-25,USA,39,38.0,13.0,9372.16
CUST_0554,2022-07-02,USA,66,27.0,6.0,2819.4
CUST_0555,2022-01-13,Canada,34,36.0,3.0,2632.14
CUST_0556,2022-10-06,UK,51,4.0,4.0,3334.6600000000003
CUST_0557,2022-08-05,USA,23,1.0,24.0,20559.12
CUST_0558,2022-12-21,UK,63,14.0,6.0,7486.09
CUST_0559,2022-12-27,USA,23,5.0,1.0,920.49
CUST_0560,2022-10-13,UK,51,999.0,0.0,0.0
CUST_0561,2022-09-30,USA,18,13.0,13.0,7028.15
CUST_0562,2022-03-03,Germany,27,1.0,9.0,6464.84
CUST_0563,2022-03-25,USA,38,999.0,0.0,0.0
CUST_0564,2022-08-05,UK,22,999.0,0.0,0.0
CUST_0565,2022-12-08,USA,19,14.0,11.0,6200.52
CUST_0566,2022-07-06,USA,39,999.0,0.0,0.0
CUST_0567,2022-01-19,USA,65,70.0,6.0,5354.04
CUST_0568,2022-06-26,UK,19,4.0,12.0,8399.82
CUST_0569,2022-04-10,Canada,27,64.0,4.0,3766.7000000000003
CUST_0570,2022-08-21,USA,51,999.0,0.0,0.0
CUST_0571,2022-03-17,Canada,33,13.0,5.0,5478.99
CUST_0572,2022-09-22,France,65,1.0,9.0,6701.58
CUST_0573,2022-10-11,Germany,68,16.0,2.0,1635.0499999999997
CUST_0574,2022-07-25,USA,56,3.0,26.0,17085.920000000002
CUST_0575,2022-08-11,UK,39,999.0,0.0,0.0
CUST_0576,2022-02-21,USA,29,69.0,5.0,2824.9
CUST_0577,2022-12-05,USA,41,25.0,5.0,5221.18
CUST_0578,2022-05-24,Australia,64,47.0,8.0,5837.56
CUST_0579,2022-03-10,USA,57,999.0,0.0,0.0
CUST_0580,2022-04-09,UK,55,20.0,15.0,13405.28
CUST_0581,2022-01-25,Canada,27,50.0,3.0,444.45
CUST_0582,2022-02-22,Germany,52,353.0,1.0,1610.4
CUST_0583,2022-05-31,UK,68,272.0,1.0,565.95
CUST_0584,2022-05-24,USA,66,15.0,10.0,6120.6
CUST_0585,2022-02-26,USA,49,999.0,0.0,0.0
CUST_0586,2022-02-08,UK,24,50.0,2.0,2495.84
CUST_0587,2022-04-19,USA,38,260.0,1.0,188.65
CUST_0588,2022-06-30,USA,37,49.0,8.0,6795.31
CUST_0589,2022-02-11,USA,43,71.0,5.0,3830.98
CUST_0590,2022-07-05,USA,21,65.0,6.0,3332.98
CUST_0591,2022-08-11,USA,63,23.0,2.0,2994.91
CUST_0592,2022-05-02,USA,69,35.0,6.0,3012.95
CUST_0593,2022-05-13,UK,39,5.0,6.0,3637.88
CUST_0594,2022-06-12,Canada,32,8.0,4.0,2875.31
CUST_0595,2022-08-03,France,57,27.0,13.0,6381.0599999999995
CUST_0596,2022-08-09,USA,38,999.0,0.0,0.0
CUST_0597,2022-08-23,USA,32,146.0,2.0,1798.83
CUST_0598,2022-11-27,USA,39,999.0,0.0,0.0
CUST_0599,2022-05-26,Canada,69,57.0,3.0,1049.74
CUST_0600,2022-08-27,Germany,45,999.0,0.0,0.0
CUST_0601,2022-03-17,USA,31,71.0,4.0,1650.51
CUST_0602,2022-01-09,Australia,44,13.0,4.0,3087.4000000000005
CUST_0603,2022-03-15,USA,58,65.0,8.0,8203.470000000001
CUST_0604,2022-09-10,UK,57,999.0,0.0,0.0
CUST_0605,2022-08-18,Germany,45,5.0,10.0,8039.3099999999995
CUST_0606,2022-01-07,France,43,88.0,3.0,2630.49
CUST_0607,2022-06-23,Germany,66,999.0,0.0,0.0
CUST_0608,2022-05-21,France,19,45.0,7.0,6849.8
CUST_0609,2022-06-17,USA,42,42.0,2.0,2304.32
CUST_0610,2022-06-19,France,20,9.0,3.0,1330.29
CUST_0611,2022-10-10,USA,25,39.0,6.0,6564.77
CUST_0612,2022-05-02,France,61,50.0,1.0,289.88
CUST_0613,2022-07-13,UK,50,999.0,0.0,0.0
CUST_0614,2022-01-05,France,59,7.0,3.0,1544.07
CUST_0615,2022-01-29,UK,69,18.0,13.0,7919.82
CUST_0616,2022-06-14,Canada,52,297.0,2.0,1464.85
CUST_0617,2022-12-05,UK,23,115.0,4.0,1956.2800000000002
CUST_0618,2022-05-16,Germany,56,159.0,3.0,672.0699999999999
CUST_0619,2022-12-31,USA,69,999.0,0.0,0.0
CUST_0620,2022-11-17,USA,40,11.0,4.0,1805.26
CUST_0621,2022-12-08,USA,42,41.0,6.0,5002.83
CUST_0622,2022-05-25,USA,67,291.0,1.0,22.47
CUST_0623,2022-11-23,France,60,148.0,2.0,1970.6099999999997
CUST_0624,2022-08-05,USA,36,999.0,0.0,0.0
CUST_0625,2022-10-28,Australia,22,338.0,2.0,2185.71
CUST_0626,2022-05-12,USA,68,1.0,19.0,15233.54
CUST_0627,2022-10-19,USA,28,999.0,0.0,0.0
CUST_0628,2022-03-11,Germany,29,16.0,7.0,4381.98
CUST_0629,2022-09-09,Canada,27,20.0,1.0,228.75
CUST_0630,2022-10-02,UK,25,4.0,23.0,17075.01
CUST_0631,2022-12-30,UK,41,100.0,1.0,979.35
CUST_0632,2022-07-01,Germany,45,31.0,3.0,1783.8000000000002
CUST_0633,2022-06-16,USA,58,57.0,9.0,5538.85
CUST_0634,2022-04-01,Australia,53,231.0,2.0,2242.66
CUST_0635,2022-07-21,Australia,54,110.0,1.0,1203.63
CUST_0636,2022-12-12,Canada,38,999.0,0.0,0.0
CUST_0637,2022-01-19,USA,25,311.0,1.0,686.25
CUST_0638,2022-02-08,Canada,26,246.0,1.0,396.6
CUST_0639,2022-05-06,USA,64,113.0,2.0,2143.33
CUST_0640,2022-06-22,USA,32,71.0,3.0,3380.77
CUST_0641,2022-05-21,USA,65,999.0,0.0,0.0
CUST_0642,2022-08-30,UK,63,26.0,2.0,254.26
CUST_0643,2022-08-08,France,57,81.0,3.0,1784.63
CUST_0644,2022-05-06,Germany,35,58.0,14.0,10282.7
CUST_0645,2022-02-27,Germany,59,96.0,2.0,1420.29
CUST_0646,2022-05-28,UK,37,999.0,0.0,0.0
CUST_0647,2022-11-13,USA,23,999.0,0.0,0.0
CUST_0648,2022-12-27,USA,29,9.0,28.0,16184.95
CUST_0649,2022-01-01,Australia,19,999.0,0.0,0.0
CUST_0650,2022-12-14,USA,24,19.0,1.0,112.35
CUST_0651,2022-07-09,France,33,177.0,2.0,2276.65
CUST_0652,2022-07-10,UK,20,5.0,7.0,6321.24
CUST_0653,2022-11-08,UK,62,13.0,6.0,4343.58
CUST_0654,2022-04-27,Germany,20,40.0,2.0,2664.8
CUST_0655,2022-05-14,UK,44,999.0,0.0,0.0
CUST_0656,2022-02-27,France,67,11.0,21.0,17937.56
CUST_0657,2022-02-13,Australia,60,193.0,2.0,1497.7699999999998
CUST_0658,2022-06-22,UK,57,22.0,5.0,3935.7
CUST_0659,2022-06-09,USA,55,88.0,7.0,4585.75
CUST_0660,2022-06-22,UK,50,23.0,4.0,5141.26
CUST_0661,2022-11-13,Australia,45,38.0,3.0,1047.16
CUST_0662,2022-10-30,USA,18,43.0,2.0,515.56
CUST_0663,2022-05-29,Canada,25,8.0,7.0,3466.1099999999997
CUST_0664,2022-03-21,Canada,54,19.0,17.0,12866.87
CUST_0665,2022-08-01,Germany,49,18.0,9.0,7696.459999999999
CUST_0666,2022-07-22,USA,65,999.0,0.0,0.0
CUST_0667,2022-09-09,Germany,60,999.0,0.0,0.0
CUST_0668,2022-08-17,Australia,54,27.0,15.0,10810.43
CUST_0669,2022-06-13,USA,21,10.0,5.0,4433.93
CUST_0670,2022-08-15,USA,47,11.0,8.0,6146.8099999999995
CUST_0671,2022-05-27,Australia,23,999.0,0.0,0.0
CUST_0672,2022-01-20,USA,63,32.0,4.0,3273.33
CUST_0673,2022-02-16,France,36,57.0,6.0,5683.54
CUST_0674,2022-08-21,UK,49,8.0,8.0,5660.66
CUST_0675,2022-11-01,USA,26,39.0,4.0,1762.06
CUST_0676,2022-01-14,France,29,999.0,0.0,0.0
CUST_0677,2022-05-23,UK,28,39.0,7.0,3776.88
CUST_0678,2022-01-01,UK,63,36.0,4.0,2327.77
CUST_0679,2022-02-23,USA,33,48.0,2.0,1157.5
CUST_0680,2022-09-16,UK,18,53.0,11.0,7052.66
CUST_0681,2022-05-24,USA,62,82.0,2.0,2370.95
CUST_0682,2022-01-12,USA,38,79.0,5.0,4206.67
CUST_0683,2022-11-26,Australia,47,999.0,0.0,0.0
CUST_0684,2022-08-12,USA,30,47.0,4.0,2343.4900000000002
CUST_0685,2022-09-29,Canada,51,5.0,17.0,11295.29
CUST_0686,2022-12-24,USA,21,999.0,0.0,0.0
CUST_0687,2022-06-05,Germany,45,999.0,0.0,0.0
CUST_0688,2022-01-08,USA,55,22.0,4.0,2407.65
CUST_0689,2022-05-02,Australia,48,999.0,0.0,0.0
CUST_0690,2022-12-14,UK,44,50.0,6.0,4700.51
CUST_0691,2022-06-13,USA,22,2.0,14.0,7949.15
CUST_0692,2022-03-31,USA,42,48.0,3.0,2334.56
CUST_0693,2022-05-16,USA,20,15.0,3.0,1181.76
CUST_0694,2022-07-05,UK,50,999.0,0.0,0.0
CUST_0695,2022-11-12,USA,21,58.0,5.0,2608.85
CUST_0696,2022-06-27,France,42,999.0,0.0,0.0
CUST_0697,2022-01-28,UK,37,85.0,1.0,2151.05
CUST_0698,2022-08-08,USA,51,1.0,5.0,4446.7
CUST_0699,2022-12-23,Canada,43,15.0,7.0,8368.12
CUST_0700,2022-02-10,Germany,22,306.0,1.0,112.35
CUST_0701,2022-08-16,USA,52,84.0,4.0,2003.1399999999999
CUST_0702,2022-07-11,USA,45,999.0,0.0,0.0
CUST_0703,2022-05-25,USA,46,999.0,0.0,0.0
CUST_0704,2022-07-20,Germany,26,19.0,10.0,7769.8099999999995
CUST_0705,2022-07-31,Canada,69,14.0,12.0,7997.4
CUST_0706,2022-08-08,UK,55,999.0,0.0,0.0
CUST_0707,2022-08-28,France,67,344.0,1.0,897.4
CUST_0708,2022-02-15,France,23,331.0,1.0,734.6
CUST_0709,2022-02-04,UK,36,999.0,0.0,0.0
CUST_0710,2022-09-10,France,61,247.0,1.0,2470.7
CUST_0711,2022-03-23,USA,28,999.0,0.0,0.0
CUST_0712,2022-09-13,USA,19,193.0,1.0,664.96
CUST_0713,2022-07-16,USA,64,111.0,5.0,2050.82
CUST_0714,2022-10-30,USA,61,13.0,3.0,3034.33
CUST_0715,2022-01-10,UK,61,7.0,5.0,3885.38
CUST_0716,2022-11-08,Australia,26,999.0,0.0,0.0
CUST_0717,2022-10-13,USA,38,15.0,13.0,9824.75
CUST_0718,2022-08-30,USA,41,4.0,10.0,7164.33
CUST_0719,2022-09-08,UK,51,31.0,8.0,5289.03
CUST_0720,2022-12-31,Australia,39,80.0,5.0,2751.3
CUST_0721,2022-01-05,USA,20,10.0,12.0,10797.67
CUST_0722,2022-04-29,UK,29,54.0,3.0,3413.4700000000003
CUST_0723,2022-10-16,USA,45,999.0,0.0,0.0
CUST_0724,2022-03-06,USA,47,49.0,6.0,5723.93
CUST_0725,2022-05-26,Australia,43,1.0,6.0,3812.9500000000003
CUST_0726,2022-08-12,Australia,65,65.0,4.0,5269.290000000001
CUST_0727,2022-08-27,USA,38,14.0,9.0,6382.78
CUST_0728,2022-06-26,Australia,45,37.0,2.0,593.0
CUST_0729,2022-09-24,Canada,43,186.0,2.0,2142.2799999999997
CUST_0730,2022-12-07,France,50,9.0,8.0,4302.01
CUST_0731,2022-10-09,UK,38,10.0,1.0,1053.6
CUST_0732,2022-03-04,UK,52,197.0,3.0,4713.14
CUST_0733,2022-08-05,UK,69,44.0,2.0,822.17
CUST_0734,2022-12-08,Canada,51,139.0,2.0,501.9
CUST_0735,2022-11-11,USA,58,22.0,10.0,5225.66
CUST_0736,2022-10-10,USA,68,83.0,6.0,2963.5099999999998
CUST_0737,2022-06-26,USA,64,17.0,9.0,6047.790000000001
CUST_0738,2022-04-08,Germany,35,19.0,2.0,2117.05
CUST_0739,2022-04-15,USA,28,75.0,4.0,2424.3599999999997
CUST_0740,2022-04-09,Canada,40,284.0,1.0,396.6
CUST_0741,2022-11-07,Australia,65,23.0,3.0,1025.07
CUST_0742,2022-01-06,USA,39,2.0,4.0,2343.83
CUST_0743,2022-07-16,Canada,34,2.0,6.0,3741.5099999999998
CUST_0744,2022-12-17,UK,22,23.0,5.0,5694.23
CUST_0745,2022-05-13,France,61,3.0,14.0,8330.72
CUST_0746,2022-12-24,USA,28,999.0,0.0,0.0
CUST_0747,2022-09-16,Canada,47,50.0,11.0,4696.28
CUST_0748,2022-01-23,France,32,999.0,0.0,0.0
CUST_0749,2022-02-22,Australia,44,102.0,3.0,1577.04
CUST_0750,2022-06-14,Canada,52,999.0,0.0,0.0
CUST_0751,2022-07-21,UK,50,185.0,1.0,157.15
CUST_0752,2022-03-24,Canada,37,94.0,3.0,2172.12
CUST_0753,2022-05-25,France,33,999.0,0.0,0.0
CUST_0754,2022-03-26,UK,51,20.0,4.0,2670.62
CUST_0755,2022-03-19,USA,19,8.0,13.0,7435.29
CUST_0756,2022-01-01,Australia,52,999.0,0.0,0.0
CUST_0757,2022-02-20,Canada,57,68.0,7.0,4200.77
CUST_0758,2022-06-22,Canada,45,58.0,4.0,1974.06
CUST_0759,2022-07-24,USA,64,16.0,4.0,2650.24
CUST_0760,2022-09-17,Canada,56,35.0,2.0,2000.75
CUST_0761,2022-10-15,USA,23,999.0,0.0,0.0
CUST_0762,2022-02-03,Canada,26,268.0,1.0,1736.6
CUST_0763,2022-12-14,USA,37,999.0,0.0,0.0
CUST_0764,2022-04-05,Canada,18,342.0,1.0,697.38
CUST_0765,2022-03-13,Australia,25,83.0,5.0,3702.96
CUST_0766,2022-02-08,USA,40,32.0,6.0,3591.7299999999996
CUST_0767,2022-06-03,Australia,20,2.0,6.0,4524.82
CUST_0768,2022-09-07,UK,21,20.0,5.0,2891.51
CUST_0769,2022-06-11,France,42,96.0,1.0,1143.75
CUST_0770,2022-04-28,Germany,64,267.0,1.0,1143.75
CUST_0771,2022-09-16,UK,55,13.0,1.0,320.18
CUST_0772,2022-11-02,Germany,32,999.0,0.0,0.0
CUST_0773,2022-09-25,France,38,74.0,5.0,4852.28
CUST_0774,2022-02-23,UK,52,23.0,4.0,5684.72
CUST_0775,2022-08-24,USA,63,257.0,1.0,159.74
CUST_0776,2022-08-10,Canada,69,16.0,2.0,2375.91
CUST_0777,2022-09-08,France,31,28.0,13.0,9867.22
CUST_0778,2022-11-09,Germany,53,100.0,6.0,5671.66
CUST_0779,2022-04-22,Germany,29,999.0,0.0,0.0
CUST_0780,2022-09-12,UK,34,55.0,4.0,2451.68
CUST_0781,2022-10-30,France,56,21.0,11.0,7243.64
CUST_0782,2022-07-26,USA,26,12.0,1.0,565.95
CUST_0783,2022-08-17,UK,52,999.0,0.0,0.0
CUST_0784,2022-12-07,USA,30,65.0,4.0,3837.83
CUST_0785,2022-03-07,USA,32,3.0,14.0,10374.05
CUST_0786,2022-03-16,USA,35,19.0,10.0,6509.97
CUST_0787,2022-04-13,USA,68,999.0,0.0,0.0
CUST_0788,2022-07-11,Canada,50,94.0,4.0,2113.15
CUST_0789,2022-09-09,USA,23,49.0,4.0,4647.67
CUST_0790,2022-08-14,UK,44,263.0,3.0,2589.0299999999997
CUST_0791,2022-10-21,USA,40,76.0,1.0,446.15
CUST_0792,2022-11-02,USA,44,5.0,12.0,8064.67
CUST_0793,2022-04-08,USA,51,8.0,9.0,7186.06
CUST_0794,2022-12-04,USA,63,11.0,10.0,9480.5
CUST_0795,2022-10-13,Canada,55,8.0,13.0,6407.49
CUST_0796,2022-12-01,Canada,31,31.0,7.0,5195.93
CUST_0797,2022-12-13,Canada,53,17.0,4.0,3917.42
CUST_0798,2022-11-04,UK,25,2.0,3.0,1637.75
CUST_0799,2022-09-06,USA,52,53.0,1.0,176.9
CUST_0800,2022-06-15,France,36,17.0,7.0,8125.389999999999
CUST_0801,2022-12-01,UK,47,37.0,2.0,851.85
CUST_0802,2022-01-30,UK,31,4.0,9.0,5191.0
CUST_0803,2022-09-04,USA,37,24.0,2.0,1471.74
CUST_0804,2022-04-16,USA,66,33.0,1.0,1983.0
CUST_0805,2022-02-20,USA,42,999.0,0.0,0.0
CUST_0806,2022-03-22,USA,57,999.0,0.0,0.0
CUST_0807,2022-05-13,UK,41,18.0,2.0,1291.4
CUST_0808,2022-10-12,UK,31,2.0,4.0,6673.06
CUST_0809,2022-05-18,Canada,43,54.0,5.0,4098.36
CUST_0810,2022-07-03,Germany,55,999.0,0.0,0.0
CUST_0811,2022-11-26,France,40,230.0,1.0,1047.96
CUST_0812,2022-09-30,Germany,39,999.0,0.0,0.0
CUST_0813,2022-12-06,Australia,65,296.0,1.0,842.88
CUST_0814,2022-03-10,USA,36,18.0,11.0,8686.08
CUST_0815,2022-02-03,USA,63,999.0,0.0,0.0
CUST_0816,2022-09-19,USA,68,63.0,5.0,3684.28
CUST_0817,2022-02-22,Canada,20,999.0,0.0,0.0
CUST_0818,2022-07-24,France,59,44.0,1.0,144.94
CUST_0819,2022-05-06,USA,36,22.0,8.0,9367.67
CUST_0820,2022-08-23,Australia,26,31.0,7.0,2684.98
CUST_0821,2022-02-12,USA,45,999.0,0.0,0.0
CUST_0822,2022-08-28,Australia,37,999.0,0.0,0.0
CUST_0823,2022-04-21,USA,62,36.0,3.0,1384.65
CUST_0824,2022-09-06,USA,24,106.0,1.0,347.25
CUST_0825,2022-05-31,UK,31,281.0,1.0,457.5
CUST_0826,2022-07-02,USA,26,8.0,22.0,14803.32
CUST_0827,2022-12-02,USA,36,15.0,4.0,3597.04
CUST_0828,2022-04-05,USA,64,56.0,6.0,3752.45
CUST_0829,2022-01-08,France,69,82.0,4.0,3002.4100000000003
CUST_0830,2022-12-26,UK,31,999.0,0.0,0.0
CUST_0831,2022-07-03,USA,55,26.0,5.0,5429.15
CUST_0832,2022-10-08,Canada,53,127.0,4.0,2918.88
CUST_0833,2022-07-14,Germany,57,1.0,6.0,4233.48
CUST_0834,2022-12-18,USA,34,184.0,1.0,1359.0
CUST_0835,2022-07-14,UK,47,2.0,4.0,4792.41
CUST_0836,2022-06-04,USA,26,110.0,1.0,1469.2
CUST_0837,2022-04-03,USA,50,1.0,9.0,6209.7699999999995
CUST_0838,2022-06-09,Canada,69,40.0,9.0,6146.78
CUST_0839,2022-03-02,USA,42,26.0,3.0,5720.450000000001
CUST_0840,2022-05-02,UK,31,240.0,1.0,459.15
CUST_0841,2022-02-20,Germany,28,19.0,5.0,3511.64
CUST_0842,2022-10-04,USA,52,999.0,0.0,0.0
CUST_0843,2022-01-05,UK,58,11.0,5.0,3384.1
CUST_0844,2022-04-02,USA,31,999.0,0.0,0.0
CUST_0845,2022-06-19,Australia,47,16.0,4.0,2931.52
CUST_0846,2022-11-13,UK,58,20.0,2.0,2362.29
CUST_0847,2022-01-22,France,21,293.0,2.0,1280.19
CUST_0848,2022-11-22,UK,21,32.0,13.0,9733.66
CUST_0849,2022-01-01,USA,45,45.0,3.0,1488.85
CUST_0850,2022-05-13,Canada,25,74.0,2.0,2203.64
CUST_0851,2022-08-21,Australia,19,32.0,3.0,1280.47
CUST_0852,2022-01-12,Canada,58,999.0,0.0,0.0
CUST_0853,2022-12-12,France,63,20.0,4.0,3333.3999999999996
CUST_0854,2022-02-15,France,39,317.0,1.0,885.8399999999999
CUST_0855,2022-02-03,USA,58,114.0,3.0,1493.8
CUST_0856,2022-03-19,USA,33,193.0,2.0,2777.5299999999997
CUST_0857,2022-08-06,Canada,46,88.0,3.0,3765.6000000000004
CUST_0858,2022-10-28,UK,66,37.0,7.0,4306.99
CUST_0859,2022-03-14,France,65,217.0,1.0,220.67
CUST_0860,2022-10-09,Australia,47,999.0,0.0,0.0
CUST_0861,2022-09-06,USA,29,63.0,5.0,3303.7599999999998
CUST_0862,2022-02-16,USA,52,10.0,4.0,4231.22
CUST_0863,2022-05-01,Germany,28,16.0,9.0,9205.42
CUST_0864,2022-08-02,USA,63,144.0,3.0,2318.12
CUST_0865,2022-08-27,France,67,11.0,11.0,8491.71
CUST_0866,2022-02-25,UK,38,69.0,5.0,3750.91
CUST_0867,2022-12-16,Canada,38,303.0,2.0,1198.9
CUST_0868,2022-04-17,USA,22,24.0,6.0,3395.54
CUST_0869,2022-11-15,Canada,65,1.0,4.0,3702.97
CUST_0870,2022-02-17,UK,37,13.0,2.0,811.81
CUST_0871,2022-03-02,UK,54,2.0,8.0,6906.62
CUST_0872,2022-12-03,USA,20,16.0,9.0,10903.33
CUST_0873,2022-01-26,Germany,61,7.0,4.0,2030.6899999999998
CUST_0874,2022-10-19,France,50,999.0,0.0,0.0
CUST_0875,2022-09-14,USA,26,3.0,6.0,3956.8900000000003
CUST_0876,2022-01-08,USA,26,15.0,8.0,7972.48
CUST_0877,2022-04-23,USA,21,18.0,11.0,9878.05
CUST_0878,2022-12-21,Canada,52,12.0,2.0,1015.9
CUST_0879,2022-09-10,Canada,34,999.0,0.0,0.0
CUST_0880,2022-06-29,UK,51,5.0,9.0,4035.32
CUST_0881,2022-07-26,USA,41,16.0,2.0,988.15
CUST_0882,2022-10-30,USA,49,12.0,6.0,5088.28
CUST_0883,2022-05-07,UK,18,6.0,12.0,6213.5
CUST_0884,2022-02-25,UK,25,999.0,0.0,0.0
CUST_0885,2022-08-02,Australia,62,166.0,5.0,2772.54
CUST_0886,2022-01-14,USA,40,82.0,1.0,1290.63
CUST_0887,2022-01-28,Canada,64,25.0,4.0,4835.17
CUST_0888,2022-03-19,UK,57,2.0,9.0,8374.5
CUST_0889,2022-08-04,UK,29,168.0,2.0,1187.2
CUST_0890,2022-12-31,Germany,29,4.0,24.0,18979.6
CUST_0891,2022-06-03,Canada,63,44.0,3.0,2819.52
CUST_0892,2022-01-14,Australia,64,223.0,1.0,67.41
CUST_0893,2022-07-06,USA,32,164.0,1.0,1305.8
CUST_0894,2022-11-08,USA,58,49.0,4.0,2282.73
CUST_0895,2022-01-07,Germany,36,47.0,2.0,1749.02
CUST_0896,2022-01-03,UK,43,999.0,0.0,0.0
CUST_0897,2022-04-21,USA,69,83.0,3.0,1646.99
CUST_0898,2022-08-26,USA,46,57.0,1.0,329.62
CUST_0899,2022-12-29,USA,39,8.0,3.0,1840.8899999999999
CUST_0900,2022-08-27,France,57,50.0,5.0,4472.46
CUST_0901,2022-10-01,USA,38,10.0,7.0,6112.969999999999
CUST_0902,2022-10-21,USA,68,999.0,0.0,0.0
CUST_0903,2022-08-15,USA,55,999.0,0.0,0.0
CUST_0904,2022-01-15,USA,37,4.0,7.0,5132.24
CUST_0905,2022-07-11,USA,46,272.0,2.0,1748.13
CUST_0906,2022-04-29,UK,68,208.0,1.0,613.66
CUST_0907,2022-01-28,USA,21,1.0,10.0,8148.46
CUST_0908,2022-07-21,France,24,64.0,3.0,3694.07
CUST_0909,2022-02-08,USA,45,84.0,3.0,1711.9899999999998
CUST_0910,2022-09-30,UK,45,38.0,1.0,890.75
CUST_0911,2022-08-19,France,21,16.0,4.0,2487.22
CUST_0912,2022-03-27,Canada,39,52.0,3.0,1284.29
CUST_0913,2022-05-06,UK,29,144.0,5.0,3970.04
CUST_0914,2022-10-27,USA,62,74.0,7.0,6176.45
CUST_0915,2022-01-25,USA,20,8.0,8.0,5750.21
CUST_0916,2022-05-25,Canada,39,10.0,4.0,2734.67
CUST_0917,2022-01-13,Australia,61,198.0,1.0,580.59
CUST_0918,2022-07-31,Canada,19,10.0,11.0,10209.39
CUST_0919,2022-01-25,UK,41,39.0,5.0,5397.0
CUST_0920,2022-03-09,Germany,51,9.0,8.0,6572.14
CUST_0921,2022-03-08,UK,44,999.0,0.0,0.0
CUST_0922,2022-08-21,USA,58,179.0,1.0,233.54
CUST_0923,2022-04-19,UK,18,2.0,14.0,8559.29
CUST_0924,2022-05-26,Australia,25,71.0,5.0,4086.4700000000003
CUST_0925,2022-04-21,USA,40,26.0,7.0,4964.4
CUST_0926,2022-08-16,Canada,55,45.0,5.0,1715.25
CUST_0927,2022-04-21,USA,23,38.0,7.0,4606.37
CUST_0928,2022-02-03,UK,39,2.0,5.0,4940.27
CUST_0929,2022-04-21,USA,42,5.0,9.0,3722.86
CUST_0930,2022-09-21,UK,35,999.0,0.0,0.0
CUST_0931,2022-08-24,Germany,34,146.0,3.0,3655.33
CUST_0932,2022-03-24,USA,29,141.0,1.0,67.41
CUST_0933,2022-02-11,Canada,23,7.0,2.0,4081.1
CUST_0934,2022-04-11,Germany,43,1.0,5.0,3236.12
CUST_0935,2022-01-06,Australia,44,45.0,4.0,3406.5
CUST_0936,2022-06-29,USA,25,185.0,2.0,1538.62
CUST_0937,2022-10-09,USA,36,175.0,1.0,1218.12
CUST_0938,2022-11-16,USA,59,999.0,0.0,0.0
CUST_0939,2022-08-14,Australia,18,34.0,3.0,3330.88
CUST_0940,2022-11-11,Australia,46,8.0,3.0,2420.45
CUST_0941,2022-12-31,UK,62,6.0,17.0,8747.23
CUST_0942,2022-08-17,France,66,4.0,7.0,5068.1
CUST_0943,2022-10-16,UK,52,113.0,1.0,94.29
CUST_0944,2022-05-30,Canada,57,14.0,2.0,2261.02
CUST_0945,2022-10-04,USA,31,38.0,7.0,4453.87
CUST_0946,2022-07-17,Germany,52,62.0,3.0,2027.9
CUST_0947,2022-03-11,USA,65,10.0,9.0,6070.2300000000005
CUST_0948,2022-04-22,France,62,39.0,10.0,8856.35
CUST_0949,2022-01-04,Germany,37,81.0,3.0,2540.67
CUST_0950,2022-12-16,Germany,66,187.0,2.0,2302.59
CUST_0951,2022-11-27,USA,30,38.0,11.0,6977.06
CUST_0952,2022-11-14,USA,55,48.0,2.0,575.71
CUST_0953,2022-12-16,USA,66,39.0,12.0,12213.79
CUST_0954,2022-04-05,USA,63,20.0,8.0,4774.49
CUST_0955,2022-06-01,USA,66,18.0,4.0,3258.26
CUST_0956,2022-11-07,Australia,25,238.0,1.0,220.96
CUST_0957,2022-05-17,UK,60,999.0,0.0,0.0
CUST_0958,2022-09-04,USA,37,7.0,11.0,6745.34
CUST_0959,2022-08-31,USA,50,999.0,0.0,0.0
CUST_0960,2022-01-31,UK,43,16.0,6.0,3650.36
CUST_0961,2022-02-09,Canada,56,11.0,2.0,1467.38
CUST_0962,2022-08-17,UK,38,50.0,2.0,1466.3999999999999
CUST_0963,2022-02-05,Australia,66,25.0,8.0,6678.889999999999
CUST_0964,2022-08-11,UK,59,1.0,8.0,6905.21
CUST_0965,2022-01-06,Australia,60,17.0,3.0,3772.4100000000003
CUST_0966,2022-11-18,France,58,245.0,1.0,31.43
CUST_0967,2022-08-08,USA,26,327.0,1.0,1338.4499999999998
CUST_0968,2022-03-16,Australia,41,65.0,3.0,2533.3399999999997
CUST_0969,2022-01-04,USA,54,131.0,2.0,1305.3200000000002
CUST_0970,2022-12-01,France,66,26.0,2.0,581.5
CUST_0971,2022-05-14,USA,58,999.0,0.0,0.0
CUST_0972,2022-04-28,France,34,187.0,4.0,4274.29
CUST_0973,2022-04-04,France,41,999.0,0.0,0.0
CUST_0974,2022-03-03,France,38,44.0,8.0,7025.57
CUST_0975,2022-07-13,Germany,68,199.0,2.0,1009.0699999999999
CUST_0976,2022-12-01,USA,56,14.0,2.0,1115.93
CUST_0977,2022-07-22,USA,58,999.0,0.0,0.0
CUST_0978,2022-01-26,UK,56,17.0,9.0,6355.37
CUST_0979,2022-06-22,USA,30,233.0,2.0,1501.35
CUST_0980,2022-10-27,Canada,28,19.0,7.0,3547.15
CUST_0981,2022-05-13,USA,63,7.0,21.0,15681.52
CUST_0982,2022-11-22,Australia,36,999.0,0.0,0.0
CUST_0983,2022-04-28,Canada,28,10.0,15.0,10698.69
CUST_0984,2022-11-20,France,30,15.0,26.0,16483.36
CUST_0985,2022-10-02,USA,63,3.0,11.0,7767.24
CUST_0986,2022-07-31,France,62,14.0,9.0,6430.3
CUST_0987,2022-08-13,Australia,18,999.0,0.0,0.0
CUST_0988,2022-01-20,UK,57,7.0,3.0,2486.6800000000003
CUST_0989,2022-04-23,Canada,61,999.0,0.0,0.0
CUST_0990,2022-05-20,Germany,36,324.0,1.0,1189.8000000000002
CUST_0991,2022-02-16,USA,29,3.0,31.0,23814.73
CUST_0992,2022-01-01,UK,25,999.0,0.0,0.0
CUST_0993,2022-03-31,USA,25,10.0,9.0,7151.73
CUST_0994,2022-05-22,USA,62,2.0,9.0,6004.87
CUST_0995,2022-11-16,USA,29,6.0,9.0,7001.38
CUST_0996,2022-02-07,USA,65,5.0,21.0,10630.43
CUST_0997,2022-10-20,USA,50,340.0,1.0,463.71
CUST_0998,2022-05-19,USA,62,999.0,0.0,0.0
CUST_0999,2022-12-22,Australia,43,27.0,3.0,1800.37
CUST_1000,2022-11-29,UK,56,999.0,0.0,0.0
